Symbol,Name,Last Sale,Net Change,% Change,Market Cap,Country,IPO Year,Volume,Sector,Industry
AAL,American Airlines Group Inc. Common Stock,$12.94,0.78,6.414%,8404722133.00,United States,,52486462,Consumer Discretionary,Air Freight/Delivery Services
AAON,AAON Inc. Common Stock,$50.96,-0.33,-0.643%,2704507231.00,United States,,338850,Industrials,Industrial Machinery/Components
AAPL,Apple Inc. Common Stock,$131.56,1.50,1.153%,2280900450400.00,United States,1980,134116670,Technology,Computer Manufacturing
ABCB,Ameris Bancorp Common Stock,$40.03,0.30,0.755%,2779514233.00,United States,1994,750585,Finance,Major Banks
ABMD,ABIOMED Inc. Common Stock,$229.79,5.06,2.252%,10470137083.00,United States,,531908,Health Care,Medical/Dental Instruments
ABNB,Airbnb Inc. Class A Common Stock,$99.49,6.23,6.68%,59335737206.00,United States,2020,11289874,Consumer Discretionary,Hotels/Resorts
ACAD,ACADIA Pharmaceuticals Inc. Common Stock,$19.51,0.00,0.00%,3149486814.00,United States,2004,349,Health Care,Biotechnology: Pharmaceutical Preparations
ACHC,Acadia Healthcare Company Inc. Common Stock,$64.90,-1.25,-1.89%,5875181921.00,United States,,877494,Health Care,Hospital/Nursing Management
ACIW,ACI Worldwide Inc. Common Stock,$25.20,1.12,4.651%,2892621388.00,United States,,1511176,Technology,EDP Services
ACT,Enact Holdings Inc. Common Stock,$21.53,0.06,0.279%,3505992975.00,United States,2021,1332470,Finance,Specialty Insurers
ADBE,Adobe Inc. Common Stock,$360.79,-4.29,-1.175%,170473275000.00,United States,1986,9455912,Technology,Computer Software: Prepackaged Software
ADI,Analog Devices Inc. Common Stock,$144.63,1.17,0.816%,75179545830.00,United States,,6723939,Technology,Semiconductors
ADP,Automatic Data Processing Inc. Common Stock,$200.28,0.34,0.17%,83666399603.00,United States,,3328265,Consumer Discretionary,Business Services
ADSK,Autodesk Inc. Common Stock,$167.77,3.46,2.106%,36451757833.00,United States,,3324026,Technology,Computer Software: Prepackaged Software
AEIS,Advanced Energy Industries Inc. Common Stock,$70.19,0.86,1.24%,2636288601.00,United States,1995,379530,Consumer Discretionary,Electrical Products
AEP,American Electric Power Company Inc. Common Stock,$88.41,-0.78,-0.875%,45402440600.00,United States,,8000779,Utilities,Electric Utilities: Central
AFRM,Affirm Holdings Inc. Class A Common Stock,$18.30,1.58,9.45%,5241675753.00,United States,2021,12866000,Technology,EDP Services
AGNC,AGNC Investment Corp. Common Stock,$10.41,0.38,3.789%,5448175206.00,United States,2008,21991739,Real Estate,Real Estate Investment Trusts
AHCO,AdaptHealth Corp. Common Stock,$17.25,0.40,2.374%,2316486406.00,United States,2018,1021520,Health Care,Biotechnology: Electromedical & Electrotherapeutic Apparatus
AIMC,Altra Industrial Motion Corp. Common Stock,$34.23,-0.97,-2.756%,2226972890.00,United States,2006,698881,Industrials,Industrial Machinery/Components
AKAM,Akamai Technologies Inc. Common Stock,$89.53,2.07,2.367%,14352123929.00,United States,1999,3587437,Consumer Discretionary,Business Services
ALGM,Allegro MicroSystems Inc. Common Stock,$20.72,0.38,1.868%,3947173054.00,United States,2020,1246903,Technology,Semiconductors
ALGN,Align Technology Inc. Common Stock,$234.47,4.65,2.023%,18477536605.00,United States,2001,1941444,Health Care,Industrial Specialties
ALGT,Allegiant Travel Company Common Stock,$117.00,2.95,2.587%,2119716027.00,United States,2006,445408,Consumer Discretionary,Air Freight/Delivery Services
ALHC,Alignment Healthcare Inc. Common Stock,$11.37,0.41,3.741%,2129108599.00,United States,2021,500009,Health Care,Medical Specialities
ALNY,Alnylam Pharmaceuticals Inc. Common Stock,$137.09,2.27,1.684%,16562330803.00,United States,2004,1308641,Health Care,Biotechnology: Pharmaceutical Preparations
ALRM,Alarm.com Holdings Inc. Common Stock,$60.71,2.56,4.402%,3040799315.00,United States,2015,572329,Technology,Computer Software: Prepackaged Software
ALTR,Altair Engineering Inc. Class A Common Stock,$51.95,1.54,3.055%,4144042305.00,United States,2017,675341,Technology,Computer Software: Prepackaged Software
AMAT,Applied Materials Inc. Common Stock,$89.83,0.24,0.268%,78147363893.00,United States,1972,14451335,Technology,Semiconductors
AMBA,Ambarella Inc. Ordinary Shares,$67.39,1.72,2.619%,2568913809.00,United States,2012,900074,Technology,Semiconductors
AMD,Advanced Micro Devices Inc. Common Stock,$81.57,-0.48,-0.585%,132744161011.00,United States,,105123580,Technology,Semiconductors
AMED,Amedisys Inc Common Stock,$121.37,5.73,4.955%,3953363163.00,United States,,553620,Health Care,Medical/Nursing Services
AMGN,Amgen Inc. Common Stock,$234.72,4.01,1.738%,125387408274.00,United States,1983,13114492,Health Care,Biotechnology: Pharmaceutical Preparations
AMKR,Amkor Technology Inc. Common Stock,$16.65,0.11,0.665%,4075572914.00,United States,1998,1567553,Technology,Semiconductors
AMZN,Amazon.com Inc. Common Stock,$106.22,2.56,2.47%,1080989064604.00,United States,1997,99398582,Consumer Discretionary,Catalog/Specialty Distribution
ANGI,Angi Inc. Class A Common Stock,$4.17,0.07,1.707%,2094763304.00,United States,,1585392,Technology,EDP Services
ANSS,ANSYS Inc. Common Stock,$232.60,4.90,2.152%,20233901912.00,United States,1996,945422,Technology,Computer Software: Prepackaged Software
APA,APA Corporation Common Stock,$39.22,-2.54,-6.082%,13265475199.00,United States,,16273750,Energy,Oil & Gas Production
APLS,Apellis Pharmaceuticals Inc. Common Stock,$44.14,1.27,2.962%,4701873047.00,United States,2017,1523974,Health Care,Biotechnology: Pharmaceutical Preparations
APP,Applovin Corporation Class A Common Stock,$33.50,2.87,9.37%,12664538689.00,United States,2021,4636244,Technology,EDP Services
APPF,AppFolio Inc. Class A Common Stock,$91.41,3.93,4.492%,3190190992.00,United States,2015,207388,Technology,EDP Services
APPN,Appian Corporation Class A Common Stock,$41.77,2.31,5.854%,3021980053.00,United States,2017,508165,Technology,EDP Services
ARCC,Ares Capital Corporation Common Stock,$17.42,0.30,1.752%,8616864336.00,United States,2004,6757639,Finance,Finance/Investors Services
ARLP,Alliance Resource Partners L.P. Common Units representing Limited Partners Interests,$17.07,-0.18,-1.043%,2171222388.00,United States,1999,924869,Energy,Coal Mining
ARVN,Arvinas Inc. Common Stock,$38.35,1.56,4.24%,2038914643.00,United States,2018,555223,Health Care,Biotechnology: Pharmaceutical Preparations
ARWR,Arrowhead Pharmaceuticals Inc. Common Stock,$29.12,1.33,4.786%,3079038144.00,United States,,2432883,Health Care,Biotechnology: Pharmaceutical Preparations
ASO,Academy Sports and Outdoors Inc. Common Stock,$34.35,1.22,3.682%,2923073500.00,United States,2020,3401112,Consumer Discretionary,Recreational Games/Products/Toys
ATSG,Air Transport Services Group Inc,$28.64,-0.70,-2.386%,2130015168.00,United States,,888693,Consumer Discretionary,Air Freight/Delivery Services
ATVI,Activision Blizzard Inc. Common Stock,$74.71,0.78,1.055%,58414364773.00,United States,,9405726,Consumer Discretionary,Recreational Games/Products/Toys
AUB,Atlantic Union Bankshares Corporation Common Stock,$32.64,1.03,3.258%,2448460322.00,United States,,1029319,Finance,Major Banks
AUR,Aurora Innovation Inc. Class A Common Stock,$2.24,-0.02,-0.885%,2547207873.00,United States,2021,13160750,Technology,EDP Services
AVAV,AeroVironment Inc. Common Stock,$83.52,4.24,5.348%,2080845092.00,United States,2007,478100,Industrials,Aerospace
AVGO,Broadcom Inc. Common Stock,$498.65,1.47,0.296%,201363696105.00,United States,2009,4348369,Technology,Semiconductors
AVT,Avnet Inc. Common Stock,$41.82,-0.07,-0.167%,4085049907.00,United States,,2123306,Technology,Electronic Components
AXNX,Axonics Inc. Common Stock,$48.26,-0.64,-1.309%,2271602881.00,United States,2018,1175068,Health Care,Medical/Dental Instruments
AXON,Axon Enterprise Inc. Common Stock,$87.61,2.49,2.925%,6221313222.00,United States,2001,1249551,Consumer Discretionary,Military/Government/Technical
AZPN,Aspen Technology Inc. Common Stock,$189.20,10.02,5.592%,11762315959.00,United States,,1080066,Technology,EDP Services
AZTA,Azenta Inc.,$68.67,0.41,0.601%,5149478493.00,United States,,864228,Health Care,Medical/Dental Instruments
BANF,BancFirst Corporation Common Stock,$94.86,3.30,3.604%,3104927639.00,United States,1993,296272,Finance,Major Banks
BCPC,Balchem Corporation Common Stock,$114.59,0.99,0.871%,3680362545.00,United States,,273307,Industrials,Industrial Specialties
BEAM,Beam Therapeutics Inc. Common Stock,$35.77,3.54,10.984%,2513442041.00,United States,2020,3677658,Consumer Discretionary,Specialty Chemicals
BECN,Beacon Roofing Supply Inc. Common Stock,$50.23,-0.61,-1.20%,3452895038.00,United States,2004,948974,Consumer Discretionary,Wholesale Distributors
BHF,Brighthouse Financial Inc. Common Stock,$40.63,1.34,3.411%,3042938710.00,United States,,1576557,Finance,Life Insurance
BIIB,Biogen Inc. Common Stock,$201.74,10.21,5.331%,29545229103.00,United States,,1884711,Health Care,Biotechnology: Pharmaceutical Preparations
BKNG,Booking Holdings Inc. Common Stock,$1906.87,60.63,3.284%,77463268169.00,United States,,565543,Consumer Discretionary,Other Consumer Services
BKR,Baker Hughes Company Class A Common Stock,$29.97,0.08,0.268%,29507744608.00,United States,,28201023,Energy,Oilfield Services/Equipment
BL,BlackLine Inc. Common Stock,$67.73,1.60,2.419%,4017212800.00,United States,2016,877669,Technology,Computer Software: Prepackaged Software
BLKB,Blackbaud Inc. Common Stock,$55.07,1.62,3.031%,2915573598.00,United States,2004,2483357,Technology,Computer Software: Prepackaged Software
BMBL,Bumble Inc. Class A Common Stock,$27.93,-1.50,-5.097%,3617508096.00,United States,2021,6169816,Technology,Computer Software: Prepackaged Software
BMRN,BioMarin Pharmaceutical Inc. Common Stock,$76.08,3.91,5.418%,14074446076.00,United States,1999,2943420,Health Care,Biotechnology: Pharmaceutical Preparations
BOKF,BOK Financial Corporation Common Stock,$75.95,1.44,1.933%,5172502066.00,United States,,484686,Finance,Major Banks
BPMC,Blueprint Medicines Corporation Common Stock,$48.63,1.85,3.955%,2896915701.00,United States,2015,1318972,Health Care,Biotechnology: Pharmaceutical Preparations
BPOP,Popular Inc. Common Stock,$77.23,2.40,3.207%,5913729237.00,United States,,1295031,Finance,Major Banks
BRKR,Bruker Corporation Common Stock,$59.28,-0.11,-0.185%,8847861535.00,United States,,1163941,Industrials,Biotechnology: Laboratory Analytical Instruments
BRZE,Braze Inc. Class A Common Stock,$33.18,0.07,0.211%,3119428616.00,United States,2021,1480589,Technology,Computer Software: Prepackaged Software
BSY,Bentley Systems Incorporated Class B Common Stock,$32.36,1.56,5.065%,9304609819.00,United States,2020,3007518,Technology,Retail: Computer Software & Peripheral Equipment
CACC,Credit Acceptance Corporation Common Stock,$469.79,9.11,1.978%,6172842818.00,United States,1992,128547,Finance,Finance: Consumer Services
CALM,Cal-Maine Foods Inc. Common Stock,$46.31,-0.61,-1.30%,2266424506.00,United States,1996,829326,Consumer Staples,Farming/Seeds/Milling
CAR,Avis Budget Group Inc. Common Stock,$160.83,0.40,0.249%,7766041956.00,United States,,2186704,Consumer Discretionary,Rental/Leasing Companies
CARG,CarGurus Inc. Class A Common Stock ,$22.52,1.05,4.891%,2665974576.00,United States,2017,892082,Technology,Interactive Media
CASY,Casey's General Stores Inc. Common Stock,$181.74,-2.10,-1.142%,6744637831.00,United States,1983,416688,Miscellaneous,Diversified Commercial Services
CATY,Cathay General Bancorp Common Stock,$38.16,0.56,1.489%,2867727434.00,United States,,990730,Finance,Major Banks
CBSH,Commerce Bancshares Inc. Common Stock,$63.88,0.65,1.028%,7712508234.00,United States,,842450,Finance,Major Banks
CCMP,CMC Materials Inc. Common Stock,$172.56,-0.78,-0.45%,4937110019.00,United States,2000,369222,Technology,Semiconductors
CCOI,Cogent Communications Holdings Inc.,$56.95,0.95,1.696%,2729918296.00,United States,,535959,Consumer Discretionary,Telecommunications Equipment
CDEV,Centennial Resource Development Inc. Class A Common Stock,$7.25,-0.78,-9.714%,2066196713.00,United States,2016,17133631,Energy,Oil & Gas Production
CDK,CDK Global Inc. Common Stock,$54.30,0.03,0.055%,6336799249.00,United States,,2360698,Technology,Retail: Computer Software & Peripheral Equipment
CDNS,Cadence Design Systems Inc. Common Stock,$143.09,2.01,1.425%,39458355310.00,United States,,2946325,Technology,Computer Software: Prepackaged Software
CDW,CDW Corporation Common Stock,$156.20,0.26,0.167%,21105075464.00,United States,2013,1122166,Technology,EDP Services
CEG,Constellation Energy Corporation Common Stock ,$58.10,-0.16,-0.275%,18981208240.00,United States,,6478732,Utilities,Power Generation
CELH,Celsius Holdings Inc. Common Stock,$55.45,1.52,2.818%,4178806542.00,United States,,735909,Consumer Staples,Beverages (Production/Distribution)
CENT,Central Garden & Pet Company Common Stock,$41.51,1.02,2.519%,2286303263.00,United States,1993,104174,,
CENTA,Central Garden & Pet Company Class A Common Stock Nonvoting,$38.47,0.53,1.397%,2118865009.00,United States,,438530,,
CERE,Cerevel Therapeutics Holdings Inc. Common Stock,$23.92,1.02,4.454%,3547082831.00,United States,2020,850244,Consumer Discretionary,Specialty Chemicals
CERT,Certara Inc. Common Stock,$18.27,0.49,2.756%,2920304242.00,United States,2020,919283,Technology,Retail: Computer Software & Peripheral Equipment
CFLT,Confluent Inc. Class A Common Stock,$20.09,1.42,7.606%,5591892889.00,United States,2021,10303470,Technology,EDP Services
CG,The Carlyle Group Inc. Common Stock,$32.36,0.72,2.276%,11689919427.00,United States,2012,5352683,Finance,Investment Managers
CGNX,Cognex Corporation Common Stock,$42.97,0.72,1.704%,7465529681.00,United States,1989,3738334,Industrials,Industrial Machinery/Components
CHDN,Churchill Downs Incorporated Common Stock,$178.87,5.15,2.965%,6801619396.00,United States,,227629,Consumer Discretionary,Services-Misc. Amusement & Recreation
CHK,Chesapeake Energy Corporation Common Stock,$80.28,-4.07,-4.825%,10210467755.00,United States,,4944343,Energy,Oil & Gas Production
CHNG,Change Healthcare Inc. Common Stock,$22.96,0.51,2.272%,7313826377.00,United States,2019,3382323,Health Care,Managed Health Care
CHRW,C.H. Robinson Worldwide Inc. Common Stock,$99.00,-2.09,-2.067%,12599349543.00,United States,1997,2513783,Consumer Discretionary,Oil Refining/Marketing
CHTR,Charter Communications Inc. Class A Common Stock New,$441.96,26.61,6.407%,90557240267.00,United States,,3563014,Consumer Discretionary,Telecommunications Equipment
CHX,ChampionX Corporation Common Stock ,$21.64,0.06,0.278%,4401589979.00,United States,,7007038,Industrials,Construction/Ag Equipment/Trucks
CINF,Cincinnati Financial Corporation Common Stock,$113.97,1.27,1.127%,18275687501.00,United States,,1383793,Finance,Property-Casualty Insurers
CLBK,Columbia Financial Inc. Common Stock,$20.68,-0.01,-0.048%,2318158701.00,United States,2018,332098,Finance,Commercial Banks
CMCSA,Comcast Corporation Class A Common Stock,$38.71,0.80,2.11%,173421370856.00,United States,,52005566,Consumer Discretionary,Telecommunications Equipment
CME,CME Group Inc. Class A Common Stock,$200.53,-2.75,-1.353%,72074748877.00,United States,2002,3571563,Finance,Investment Bankers/Brokers/Service
CNXC,Concentrix Corporation Common Stock,$139.09,-0.10,-0.072%,7297930735.00,United States,,427398,Technology,Computer Software: Prepackaged Software
COHR,Coherent Inc. Common Stock,$261.53,0.67,0.257%,6489192726.00,United States,,345427,Industrials,Biotechnology: Laboratory Analytical Instruments
COIN,Coinbase Global Inc. Class A Common Stock,$51.22,0.17,0.333%,13414518000.00,United States,,11749213,Technology,EDP Services
COKE,Coca-Cola Consolidated Inc. Common Stock,$496.16,-37.44,-7.016%,4650849534.00,United States,1972,134140,Consumer Staples,Beverages (Production/Distribution)
COLB,Columbia Banking System Inc. Common Stock,$27.62,0.32,1.172%,2172020836.00,United States,1992,1194351,Finance,Major Banks
COLM,Columbia Sportswear Company Common Stock,$71.38,2.65,3.856%,4487576229.00,United States,1998,738836,Consumer Discretionary,Apparel
COOP,Mr. Cooper Group Inc. Common Stock,$37.72,0.90,2.444%,2787737903.00,United States,,1110697,Finance,Finance: Consumer Services
CORT,Corcept Therapeutics Incorporated Common Stock,$20.70,0.31,1.52%,2199389821.00,United States,2004,869147,Health Care,Biotechnology: Pharmaceutical Preparations
COST,Costco Wholesale Corporation Common Stock,$446.69,-5.07,-1.122%,197867119689.00,United States,,3609667,Consumer Discretionary,Department/Specialty Retail Stores
COUP,Coupa Software Incorporated Common Stock,$53.49,2.58,5.068%,4041213041.00,United States,2016,3092821,Technology,Computer Software: Prepackaged Software
CPRT,Copart Inc. (DE) Common Stock,$104.95,2.17,2.111%,24943736851.00,United States,1994,2201357,Consumer Discretionary,Other Specialty Stores
CROX,Crocs Inc. Common Stock,$47.21,-0.01,-0.021%,2906965900.00,United States,2006,2203781,Consumer Discretionary,Shoe Manufacturing
CRUS,Cirrus Logic Inc. Common Stock,$70.88,-0.08,-0.113%,3961626590.00,United States,1989,963275,Technology,Semiconductors
CRVL,CorVel Corp. Common Stock,$135.90,3.94,2.986%,2376699109.00,United States,,97793,Finance,Specialty Insurers
CRWD,CrowdStrike Holdings Inc. Class A Common Stock,$163.90,6.69,4.255%,38036545894.00,United States,2019,4362747,Technology,EDP Services
CSCO,Cisco Systems Inc. Common Stock (DE),$43.39,0.07,0.162%,179676429565.00,United States,1990,59510035,Telecommunications,Computer Communications Equipment
CSGP,CoStar Group Inc. Common Stock,$56.06,0.90,1.632%,22212389870.00,United States,1998,2618387,Finance,Real Estate
CSQ,Calamos Strategic Total Return Common Stock,$12.72,0.12,0.952%,2008169300.00,United States,2004,593765,Finance,Finance Companies
CSX,CSX Corporation Common Stock,$28.93,-0.12,-0.413%,62901340411.00,United States,,28779809,Industrials,Railroads
CTAS,Cintas Corporation Common Stock,$347.35,-1.54,-0.441%,35542557836.00,United States,1983,1061391,Consumer Discretionary,Business Services
CTSH,Cognizant Technology Solutions Corporation Class A Common Stock,$66.50,0.71,1.079%,34658060227.00,United States,1998,5343603,Technology,EDP Services
CTXS,Citrix Systems Inc. Common Stock,$94.94,5.18,5.771%,12017498174.00,United States,1995,2761390,Technology,Computer Software: Prepackaged Software
CVBF,CVB Financial Corporation Common Stock,$24.13,0.13,0.542%,3403706158.00,United States,,2226751,Finance,Major Banks
CVET,Covetrus Inc. Common Stock,$20.60,0.07,0.341%,2874079782.00,United States,,2211192,Health Care,Other Pharmaceuticals
CVLT,Commvault Systems Inc. Common Stock,$60.49,1.81,3.085%,2698013149.00,United States,2006,695417,Technology,Computer Software: Prepackaged Software
CVT,Cvent Holding Corp. Common Stock,$5.37,0.58,12.109%,2584594205.00,United States,2020,1452947,Technology,Computer Software: Prepackaged Software
CWST,Casella Waste Systems Inc. Class A Common Stock,$66.06,0.44,0.671%,3411253711.00,United States,1997,459860,Utilities,Environmental Services
CYTK,Cytokinetics Incorporated Common Stock,$40.58,0.93,2.346%,3475766804.00,United States,2004,1373109,Health Care,Biotechnology: Pharmaceutical Preparations
CYXT,Cyxtera Technologies Inc. Class A Common Stock,$14.10,1.28,9.984%,2517785563.00,United States,2020,1259023,Technology,EDP Services
CZR,Caesars Entertainment Inc. Common Stock,$39.65,1.98,5.256%,8499617411.00,United States,,4583136,Consumer Discretionary,Hotels/Resorts
DBX,Dropbox Inc. Class A Common Stock,$20.65,0.96,4.876%,7756223281.00,United States,2018,6414194,Technology,Computer Software: Prepackaged Software
DCT,Duck Creek Technologies Inc. Common Stock,$17.09,0.62,3.764%,2264827247.00,United States,2020,709261,Technology,Retail: Computer Software & Peripheral Equipment
DDOG,Datadog Inc. Class A Common Stock,$85.63,3.64,4.44%,26974938335.00,United States,2019,5897604,Technology,EDP Services
DIOD,Diodes Incorporated Common Stock,$65.25,0.47,0.726%,2952383780.00,United States,,665541,Technology,Semiconductors
DISH,DISH Network Corporation Class A Common Stock,$17.11,0.38,2.271%,9068221619.00,United States,1995,8507062,Consumer Discretionary,Telecommunications Equipment
DKNG,DraftKings Inc. Class A Common Stock,$11.42,0.70,6.53%,4994454913.00,United States,2019,17529544,Consumer Discretionary,Services-Misc. Amusement & Recreation
DLTR,Dollar Tree Inc. Common Stock,$150.09,-1.08,-0.714%,33703615443.00,United States,1995,4162849,Consumer Discretionary,Department/Specialty Retail Stores
DNLI,Denali Therapeutics Inc. Common Stock,$23.90,2.52,11.787%,2937158498.00,United States,2017,2083846,Health Care,Biotechnology: Biological Products (No Diagnostic Substances)
DNUT,Krispy Kreme Inc. Common Stock,$12.84,0.46,3.716%,2148087342.00,United States,2021,664865,Consumer Discretionary,Specialty Foods
DOCU,DocuSign Inc. Common Stock,$60.55,3.74,6.583%,12106609200.00,United States,2018,6515905,Technology,EDP Services
DORM,Dorman Products Inc. Common Stock,$98.71,2.95,3.081%,3104253204.00,United States,,237993,Consumer Discretionary,Auto Parts:O.E.M.
DRVN,Driven Brands Holdings Inc. Common Stock,$26.39,0.70,2.725%,4420523479.00,United States,2021,537015,,
DSEY,Diversey Holdings Ltd. Ordinary Shares,$7.79,0.00,0.00%,2525445849.00,United States,2021,1446495,Consumer Discretionary,Specialty Chemicals
DUOL,Duolingo Inc. Class A Common Stock,$94.71,2.10,2.268%,3708971174.00,United States,2021,1811370,Technology,Computer Software: Prepackaged Software
DXCM,DexCom Inc. Common Stock,$68.81,0.82,1.206%,27008181799.00,United States,2005,6242547,Health Care,Medical Specialities
EA,Electronic Arts Inc. Common Stock,$128.54,0.56,0.438%,35977523987.00,United States,,3725984,Consumer Discretionary,Recreational Games/Products/Toys
EBAY,eBay Inc. Common Stock,$42.21,1.13,2.751%,23630936518.00,United States,1998,21193774,Consumer Discretionary,Catalog/Specialty Distribution
EBC,Eastern Bankshares Inc. Common Stock,$18.26,0.09,0.495%,3335645007.00,United States,2020,1411709,Finance,Major Banks
EEFT,Euronet Worldwide Inc. Common Stock,$102.15,4.89,5.028%,5163733371.00,United States,1997,981653,Technology,EDP Services
ENPH,Enphase Energy Inc. Common Stock,$184.75,15.155,8.936%,24946467155.00,United States,2012,3828047,Technology,Electrical Products
ENSG,The Ensign Group Inc. Common Stock,$74.00,1.21,1.662%,4105303698.00,United States,2007,463131,Health Care,Hospital/Nursing Management
ENTG,Entegris Inc. Common Stock,$92.00,-0.73,-0.787%,12501243728.00,United States,2000,1480849,Technology,Semiconductors
EQIX,Equinix Inc. Common Stock REIT,$632.81,14.38,2.325%,57599506524.00,United States,2000,2385730,Real Estate,Real Estate Investment Trusts
EQRX,EQRx Inc.  Common Stock,$5.18,0.58,12.609%,2526611418.00,United States,2021,9635635,Health Care,Biotechnology: Pharmaceutical Preparations
ERIE,Erie Indemnity Company Class A Common Stock,$172.92,2.64,1.55%,9041963975.00,United States,,97652,Finance,Specialty Insurers
ETSY,Etsy Inc. Common Stock,$72.11,3.11,4.507%,9166552388.00,United States,2015,7379179,Consumer Discretionary,Catalog/Specialty Distribution
EWBC,East West Bancorp Inc. Common Stock,$62.78,0.89,1.438%,8909012114.00,United States,,1627995,Finance,Commercial Banks
EXAS,Exact Sciences Corporation Common Stock,$37.02,1.41,3.96%,6513487972.00,United States,2001,3440989,Health Care,Biotechnology: Commercial Physical & Biological Resarch
EXC,Exelon Corporation Common Stock,$40.91,-0.31,-0.752%,40100374941.00,United States,,14637795,Utilities,Power Generation
EXEL,Exelixis Inc. Common Stock,$18.56,0.99,5.635%,5952947782.00,United States,2000,8979139,Health Care,Biotechnology: Commercial Physical & Biological Resarch
EXLS,ExlService Holdings Inc. Common Stock,$134.26,0.41,0.306%,4469003869.00,United States,2006,278560,Technology,Retail: Computer Software & Peripheral Equipment
EXPD,Expeditors International of Washington Inc. Common Stock,$94.22,-2.08,-2.16%,15805770950.00,United States,,1974793,Consumer Discretionary,Oil Refining/Marketing
EXPE,Expedia Group Inc. Common Stock,$100.37,4.04,4.194%,15767909297.00,United States,,4725965,Consumer Discretionary,Other Consumer Services
EXPO,Exponent Inc. Common Stock,$81.93,0.93,1.148%,4245744262.00,United States,,485894,Consumer Discretionary,Professional Services
EYE,National Vision Holdings Inc. Common Stock,$25.79,-0.28,-1.074%,2099870827.00,United States,2017,3757568,Health Care,Ophthalmic Goods
FANG,Diamondback Energy Inc. Commmon Stock,$122.29,-11.39,-8.52%,21473094074.00,United States,2012,9380404,Energy,Oil & Gas Production
FAST,Fastenal Company Common Stock,$48.48,-0.25,-0.513%,27905380431.00,United States,1987,5732505,Basic Materials,Construction Materials
FATE,Fate Therapeutics Inc. Common Stock,$21.04,1.68,8.678%,2033075948.00,United States,2013,4722713,Health Care,Biotechnology: Biological Products (No Diagnostic Substances)
FCFS,FirstCash Holdings Inc. Common Stock,$66.38,1.65,2.549%,3150684018.00,United States,1991,512079,Miscellaneous,Diversified Commercial Services
FCNCA,First Citizens BancShares Inc. Class A Common Stock,$618.03,19.24,3.213%,9889468230.00,United States,,138509,Finance,Major Banks
FELE,Franklin Electric Co. Inc. Common Stock,$68.59,-0.32,-0.464%,3176630619.00,United States,,418139,Consumer Discretionary,Metal Fabrications
FFIN,First Financial Bankshares Inc. Common Stock,$38.26,0.57,1.512%,5460435215.00,United States,,806334,Finance,Major Banks
FFIV,F5 Inc. Common Stock,$150.64,1.50,1.006%,9109505695.00,United States,1999,830974,Technology,EDP Services
FHB,First Hawaiian Inc. Common Stock,$22.11,0.14,0.637%,2831455529.00,United States,2016,1418814,Finance,Major Banks
FIBK,First Interstate BancSystem Inc. Class A Common Stock,$36.32,0.62,1.737%,3976808206.00,United States,2010,1855334,Finance,Major Banks
FISV,Fiserv Inc. Common Stock,$89.15,0.77,0.871%,57626030895.00,United States,1986,6498688,Consumer Discretionary,Business Services
FITB,Fifth Third Bancorp Common Stock,$34.00,0.75,2.256%,23326973742.00,United States,,9221701,Finance,Major Banks
FIVE,Five Below Inc. Common Stock,$118.21,1.89,1.625%,6559489449.00,United States,2012,994136,Consumer Discretionary,Department/Specialty Retail Stores
FIVN,Five9 Inc. Common Stock,$86.76,4.53,5.509%,6034802193.00,United States,2014,796771,Technology,EDP Services
FIZZ,National Beverage Corp. Common Stock,$44.46,0.47,1.068%,4149693929.00,United States,,208044,Consumer Staples,Beverages (Production/Distribution)
FOCS,Focus Financial Partners Inc. Class A Common Stock,$31.44,-0.33,-1.039%,2054993510.00,United States,2018,980026,Finance,Investment Managers
FOLD,Amicus Therapeutics Inc. Common Stock,$9.35,0.96,11.442%,2619428287.00,United States,2007,7363787,Health Care,Biotechnology: Pharmaceutical Preparations
FORM,FormFactor Inc. FormFactor Inc. Common Stock,$35.13,0.95,2.779%,2742383753.00,United States,2003,783216,Technology,Semiconductors
FOX,Fox Corporation Class B Common Stock,$29.69,-0.11,-0.369%,16529888944.00,United States,,2506983,Industrials,Broadcasting
FOXA,Fox Corporation Class A Common Stock,$32.07,-0.21,-0.651%,17854952456.00,United States,,6015496,Industrials,Broadcasting
FOXF,Fox Factory Holding Corp. Common Stock,$75.92,5.98,8.55%,3199931885.00,United States,2013,428491,Consumer Discretionary,Auto Parts:O.E.M.
FRME,First Merchants Corporation Common Stock,$36.41,0.19,0.525%,2165019685.00,United States,,463543,Finance,Major Banks
FRPT,Freshpet Inc. Common Stock,$52.67,-2.20,-4.009%,2518212744.00,United States,2014,729103,,
FRSH,Freshworks Inc. Class A Common Stock,$11.30,0.42,3.86%,3211135701.00,United States,2021,8843970,Technology,EDP Services
FSLR,First Solar Inc. Common Stock,$66.71,4.70,7.579%,7110231315.00,United States,2006,2488134,Technology,Semiconductors
FTNT,Fortinet Inc. Common Stock,$268.99,5.26,1.994%,43180191892.00,United States,2009,2350074,Technology,Security Systems Services
FULT,Fulton Financial Corporation Common Stock,$14.37,0.16,1.126%,2310063892.00,United States,,2246611,Finance,Major Banks
FWONA,Liberty Media Corporation Series A Liberty Formula One Common Stock,$54.91,0.76,1.404%,12751559202.00,United States,,194137,Consumer Discretionary,Movies/Entertainment
FWONK,Liberty Media Corporation Series C Liberty Formula One Common Stock,$60.15,0.73,1.229%,13968426261.00,United States,,1321846,Consumer Discretionary,Movies/Entertainment
FWRD,Forward Air Corporation Common Stock,$85.53,-1.59,-1.825%,2297478379.00,United States,,290614,Consumer Discretionary,Oil Refining/Marketing
FYBR,Frontier Communications Parent Inc. Common Stock,$22.84,0.73,3.302%,5594954920.00,United States,,2196007,Consumer Discretionary,Telecommunications Equipment
GBDC,Golub Capital BDC Inc. Common Stock,$12.82,0.02,0.156%,2190882489.00,United States,2010,1485488,Finance,Investment Managers
GDRX,GoodRx Holdings Inc. Class A Common Stock,$6.11,0.17,2.862%,2422357341.00,United States,2020,1928941,Technology,Retail: Computer Software & Peripheral Equipment
GFS,GlobalFoundries Inc. Ordinary Shares,$44.86,-0.57,-1.255%,23858611560.00,United States,2021,2845949,,
GH,Guardant Health Inc. Common Stock,$37.13,0.99,2.739%,3784412946.00,United States,2018,1435726,Health Care,Medical Specialities
GILD,Gilead Sciences Inc. Common Stock,$58.53,0.81,1.403%,73414966111.00,United States,1992,13726473,Health Care,Biotechnology: Pharmaceutical Preparations
GLPI,Gaming and Leisure Properties Inc. Common Stock,$44.13,0.53,1.216%,10924131857.00,United States,,1529430,Real Estate,Real Estate Investment Trusts
GNTX,Gentex Corporation Common Stock,$26.73,0.39,1.481%,6267096982.00,United States,,2789636,Consumer Discretionary,Auto Parts:O.E.M.
GO,Grocery Outlet Holding Corp. Common Stock,$40.15,-0.30,-0.742%,3869151230.00,United States,2019,2996139,Consumer Discretionary,Specialty Foods
GOOG,Alphabet Inc. Class C Capital Stock,$2157.31,24.59,1.153%,1420588369651.00,United States,2004,2163450,Technology,Internet and Information Services
GOOGL,Alphabet Inc. Class A Common Stock,$2142.87,22.20,1.047%,1411079631427.00,United States,2004,2555331,Technology,Internet and Information Services
GT,The Goodyear Tire & Rubber Company Common Stock,$11.06,0.19,1.748%,3124067125.00,United States,,7175386,Consumer Discretionary,Automotive Aftermarket
GTLB,GitLab Inc. Class A Common Stock,$44.01,0.08,0.182%,6500277000.00,United States,2021,3669987,Technology,EDP Services
HAIN,Hain Celestial Group Inc. (The) Common Stock,$23.12,0.13,0.565%,2076117345.00,United States,,1228106,Industrials,Office Equipment/Supplies/Services
HALO,Halozyme Therapeutics Inc. Common Stock,$44.14,1.03,2.389%,6089098875.00,United States,,2395696,Health Care,Biotechnology: Biological Products (No Diagnostic Substances)
HAS,Hasbro Inc. Common Stock,$80.11,1.10,1.392%,11170731225.00,United States,,1740618,Consumer Discretionary,Recreational Games/Products/Toys
HBAN,Huntington Bancshares Incorporated Common Stock,$11.94,0.10,0.845%,17183745428.00,United States,,26543345,Finance,Major Banks
HCP,HashiCorp Inc. Class A Common Stock,$27.19,0.57,2.141%,5013397915.00,United States,2021,5023842,Technology,EDP Services
HLNE,Hamilton Lane Incorporated Class A Common Stock,$63.95,0.90,1.427%,2384545345.00,United States,2017,313353,Finance,Investment Managers
HOLX,Hologic Inc. Common Stock,$67.88,0.76,1.132%,16927978614.00,United States,1990,3339131,Health Care,Medical Electronics
HON,Honeywell International Inc. Common Stock,$179.70,-0.18,-0.10%,122327707521.00,United States,,5591400,Industrials,Consumer Electronics/Appliances
HOOD,Robinhood Markets Inc. Class A Common Stock,$7.19,0.30,4.354%,6268506973.00,United States,2021,18174567,Technology,Computer Software: Prepackaged Software
HPK,HighPeak Energy Inc. Common Stock,$27.86,-2.35,-7.779%,2917055474.00,United States,,516627,Energy,Oil & Gas Production
HQY,HealthEquity Inc. Common Stock,$68.53,0.63,0.928%,5781715945.00,United States,2014,1469830,Health Care,Managed Health Care
HRMY,Harmony Biosciences Holdings Inc. Common Stock,$43.98,1.50,3.531%,2596941067.00,United States,2020,732083,Health Care,Biotechnology: Pharmaceutical Preparations
HSIC,Henry Schein Inc. Common Stock,$73.90,0.73,0.998%,10201952716.00,United States,1995,1384986,Health Care,Medical Specialities
HST,Host Hotels & Resorts Inc. Common Stock,$16.20,-0.46,-2.761%,11579389474.00,United States,,22448315,Real Estate,Real Estate Investment Trusts
HTZ,Hertz Global Holdings Inc Common Stock,$17.94,0.45,2.573%,7393277583.00,United States,,6522859,Consumer Discretionary,Rental/Leasing Companies
HUBG,Hub Group Inc. Class A Common Stock,$66.98,-2.88,-4.123%,2321534168.00,United States,1996,509275,Consumer Discretionary,Oil Refining/Marketing
HWC,Hancock Whitney Corporation Common Stock,$43.82,0.51,1.178%,3784689580.00,United States,,800560,Finance,Major Banks
IAC,IAC/InterActiveCorp Common Stock,$77.32,1.58,2.086%,6949033711.00,United States,,1214742,Consumer Discretionary,EDP Services
IART,Integra LifeSciences Holdings Corporation Common Stock,$54.36,0.50,0.928%,4519225830.00,United States,,984660,Health Care,Medical/Dental Instruments
IBKR,Interactive Brokers Group Inc. Class A Common Stock,$55.89,0.82,1.489%,5491887772.00,United States,2019,1110743,Finance,Investment Bankers/Brokers/Service
IBOC,International Bancshares Corporation Common Stock,$39.90,0.90,2.308%,2520569783.00,United States,,477251,Finance,Major Banks
IBTX,Independent Bank Group Inc Common Stock,$66.57,0.19,0.286%,2814149957.00,United States,2013,624590,Finance,Major Banks
ICUI,ICU Medical Inc. Common Stock,$162.04,0.44,0.272%,3872113025.00,United States,1992,235960,Health Care,Medical/Dental Instruments
IDXX,IDEXX Laboratories Inc. Common Stock,$328.05,0.68,0.208%,27558572786.00,United States,1991,1419158,Health Care,Biotechnology: In Vitro & In Vivo Diagnostic Substances
IEP,Icahn Enterprises L.P. Common Stock,$49.27,0.53,1.087%,15124329126.00,United States,,588250,Industrials,Consumer Electronics/Appliances
IIVI,II-VI Incorporated Common Stock,$51.77,-1.27,-2.394%,5511256474.00,United States,1987,3069747,Industrials,Industrial Machinery/Components
ILMN,Illumina Inc. Common Stock,$187.29,-0.48,-0.256%,29423259000.00,United States,2000,2983916,Health Care,Medical Specialities
INCY,Incyte Corp. Common Stock,$71.27,3.23,4.747%,15786662134.00,United States,,3287911,Health Care,Biotechnology: Commercial Physical & Biological Resarch
INDB,Independent Bank Corp. Common Stock,$78.79,1.17,1.507%,3685717331.00,United States,,559770,Finance,Major Banks
INSM,Insmed Inc. Common Stock,$18.58,1.26,7.275%,2220629743.00,United States,,1971224,Health Care,Biotechnology: Pharmaceutical Preparations
INTC,Intel Corporation Common Stock,$36.97,-0.37,-0.991%,151170330000.00,United States,,71235788,Technology,Semiconductors
INTU,Intuit Inc. Common Stock,$369.71,10.08,2.803%,104286696913.00,United States,1993,2769113,Technology,Computer Software: Prepackaged Software
IONS,Ionis Pharmaceuticals Inc. Common Stock,$35.26,1.53,4.536%,4999792332.00,United States,,1396830,Health Care,Biotechnology: Pharmaceutical Preparations
IOSP,Innospec Inc. Common Stock,$87.29,-2.64,-2.936%,2166116277.00,United States,,170829,Industrials,Industrial Specialties
IPAR,Inter Parfums Inc. Common Stock,$66.34,1.60,2.471%,2112588344.00,United States,,186301,Consumer Discretionary,Package Goods/Cosmetics
IPGP,IPG Photonics Corporation Common Stock,$88.56,4.57,5.441%,4593840733.00,United States,2006,6855540,Technology,Semiconductors
IRDM,Iridium Communications Inc Common Stock,$37.08,2.40,6.92%,4745925413.00,United States,,1684041,Consumer Discretionary,Telecommunications Equipment
IRTC,iRhythm Technologies Inc. Common Stock,$108.15,0.20,0.185%,3221805912.00,United States,2016,599559,Health Care,Medical/Dental Instruments
ISRG,Intuitive Surgical Inc. Common Stock,$192.08,1.37,0.718%,68948366633.00,United States,2000,3802172,Health Care,Medical/Dental Instruments
ITCI,Intra-Cellular Therapies Inc. Common Stock,$54.94,1.51,2.826%,5182177756.00,United States,,1606103,Health Care,Biotechnology: Pharmaceutical Preparations
ITRI,Itron Inc. Common Stock,$46.14,2.31,5.27%,2079145685.00,United States,1993,1067199,Industrials,Electrical Products
JAMF,Jamf Holding Corp. Common Stock,$24.84,1.07,4.501%,2976537332.00,United States,2020,747257,Technology,Computer Software: Prepackaged Software
JBHT,J.B. Hunt Transport Services Inc. Common Stock,$154.88,-1.68,-1.073%,16228854231.00,United States,,968293,Industrials,Trucking Freight/Courier Services
JBLU,JetBlue Airways Corporation Common Stock,$8.54,0.43,5.302%,2739538299.00,United States,2002,12082325,Consumer Discretionary,Air Freight/Delivery Services
JJSF,J & J Snack Foods Corp. Common Stock,$132.38,6.00,4.748%,2538375910.00,United States,1986,253595,Consumer Staples,Specialty Foods
JKHY,Jack Henry & Associates Inc. Common Stock,$172.13,0.55,0.321%,12541702839.00,United States,1985,830614,Technology,Retail: Computer Software & Peripheral Equipment
KDP,Keurig Dr Pepper Inc. Common Stock,$34.35,-0.09,-0.261%,48727083679.00,United States,,143326627,Consumer Staples,Beverages (Production/Distribution)
KHC,The Kraft Heinz Company Common Stock,$35.58,-0.45,-1.249%,43551507971.00,United States,,16994120,Consumer Staples,Farming/Seeds/Milling
KLAC,KLA Corporation Common Stock,$311.93,1.53,0.493%,46550888835.00,United States,1980,3072042,Technology,Electronic Components
KNBE,KnowBe4 Inc. Class A Common Stock,$17.56,1.32,8.128%,3074304006.00,United States,2021,4129827,Technology,Computer Software: Prepackaged Software
KNTK,Kinetik Holdings Inc. Class A Common Stock,$35.13,-1.06,-2.929%,4742386435.00,United States,2017,734995,Energy,Oil & Gas Production
KRTX,Karuna Therapeutics Inc. Common Stock,$104.97,4.69,4.677%,3136789853.00,United States,2019,472627,Health Care,Biotechnology: Pharmaceutical Preparations
LAMR,Lamar Advertising Company Class A Common Stock,$88.35,3.81,4.507%,8965943712.00,United States,1996,1575737,Real Estate,Real Estate Investment Trusts
LANC,Lancaster Colony Corporation Common Stock,$124.14,1.02,0.828%,3416581080.00,United States,,243908,Consumer Staples,Packaged Foods
LAZR,Luminar Technologies Inc.  Class A Common Stock,$7.36,0.20,2.793%,2623953690.00,United States,2019,9915716,Consumer Discretionary,Auto Parts:O.E.M.
LBRDA,Liberty Broadband Corporation Class A Common Stock,$106.92,5.99,5.935%,17380780267.00,United States,,643488,Consumer Discretionary,Telecommunications Equipment
LBRDK,Liberty Broadband Corporation Class C Common Stock,$109.44,6.01,5.811%,17790428287.00,United States,,2527081,Consumer Discretionary,Telecommunications Equipment
LCID,Lucid Group Inc. Common Stock,$16.63,1.08,6.945%,27736188729.00,United States,,24024004,Consumer Discretionary,Auto Manufacturing
LECO,Lincoln Electric Holdings Inc. Common Shares,$122.32,-1.68,-1.355%,7170976484.00,United States,,656658,Industrials,Industrial Machinery/Components
LEGN,Legend Biotech Corporation American Depositary Shares,$46.23,3.27,7.612%,7129980134.00,United States,2020,505469,Health Care,Biotechnology: Pharmaceutical Preparations
LESL,Leslie's Inc. Common Stock,$15.10,0.76,5.30%,2760863207.00,United States,2020,4105980,Consumer Discretionary,
LFUS,Littelfuse Inc. Common Stock,$244.63,4.25,1.768%,6051833318.00,United States,,204547,Technology,Electronic Components
LHCG,LHC Group Common Stock,$157.59,-1.47,-0.924%,4889654928.00,United States,2005,809443,Health Care,Medical/Nursing Services
LITE,Lumentum Holdings Inc. Common Stock,$76.67,1.46,1.941%,5290230000.00,United States,,1782259,Technology,Computer peripheral equipment
LKQ,LKQ Corporation Common Stock,$46.94,0.51,1.098%,13276178110.00,United States,2003,4156634,Consumer Discretionary,Automotive Aftermarket
LNT,Alliant Energy Corporation Common Stock,$54.75,-0.22,-0.40%,13732051608.00,United States,,2712375,Utilities,Power Generation
LNTH,Lantheus Holdings Inc. Common Stock,$60.72,1.18,1.982%,4167460305.00,United States,2015,1838969,Health Care,Medical Specialities
LNW,Light & Wonder Inc. Common Stock,$47.01,0.25,0.535%,4497229984.00,United States,,1038396,Consumer Discretionary,Movies/Entertainment
LOGI,Logitech International S.A. Ordinary Shares,$53.02,1.86,3.636%,8731554322.00,United States,1997,1237930,Technology,Computer peripheral equipment
LOPE,Grand Canyon Education Inc. Common Stock,$87.84,3.63,4.311%,2838931704.00,United States,2008,1962450,Consumer Discretionary,Service to the Health Industry
LPLA,LPL Financial Holdings Inc. Common Stock,$185.39,2.35,1.284%,14824657216.00,United States,2010,950175,Finance,Investment Bankers/Brokers/Service
LRCX,Lam Research Corporation Common Stock,$419.46,1.16,0.277%,58185405225.00,United States,1984,1791748,Technology,Industrial Machinery/Components
LSCC,Lattice Semiconductor Corporation Common Stock,$45.79,1.07,2.393%,6301201188.00,United States,,3061537,Technology,Semiconductors
LSTR,Landstar System Inc. Common Stock,$138.46,-3.57,-2.514%,5140650527.00,United States,1993,534597,Industrials,Trucking Freight/Courier Services
LSXMA,Liberty Media Corporation Series A Liberty SiriusXM Common Stock,$35.73,0.59,1.679%,11758598937.00,United States,,872977,Consumer Discretionary,Broadcasting
LSXMB,Liberty Media Corporation Series B Liberty SiriusXM Common Stock,$41.50,0.00,0.00%,13657482672.00,United States,,2,Consumer Discretionary,Broadcasting
LSXMK,Liberty Media Corporation Series C Liberty SiriusXM Common Stock,$35.62,0.66,1.888%,11722398380.00,United States,,1333053,Consumer Discretionary,Broadcasting
LYFT,Lyft Inc. Class A Common Stock,$14.89,1.01,7.277%,5181454109.00,United States,2019,13345024,Technology,EDP Services
LZ,LegalZoom.com Inc. Common Stock,$13.02,0.28,2.198%,2579208058.00,United States,2021,1296721,Technology,Interactive Media
MANH,Manhattan Associates Inc. Common Stock,$111.27,2.55,2.345%,7022643707.00,United States,1998,654053,Technology,Computer Software: Prepackaged Software
MANT,ManTech International Corporation Common Stock $0.01 Par Value,$94.79,0.10,0.106%,3881858564.00,United States,2002,1171874,Technology,EDP Services
MAR,Marriott International Class A Common Stock,$145.23,0.07,0.048%,47533544599.00,United States,,3277498,Consumer Discretionary,Hotels/Resorts
MASI,Masimo Corporation Common Stock,$124.75,2.73,2.237%,6924170657.00,United States,2007,1196858,Health Care,Medical/Dental Instruments
MAT,Mattel Inc. Common Stock,$21.80,0.34,1.584%,7684365712.00,United States,,3788390,Consumer Discretionary,Recreational Games/Products/Toys
MCHP,Microchip Technology Incorporated Common Stock,$57.60,0.47,0.823%,31939274880.00,United States,1993,9709894,Technology,Semiconductors
MDB,MongoDB Inc. Class A Common Stock,$249.75,14.74,6.272%,17011717754.00,United States,2017,1789147,Technology,Retail: Computer Software & Peripheral Equipment
MDLZ,Mondelez International Inc. Class A Common Stock,$58.80,0.19,0.324%,81374709562.00,United States,,11416111,Consumer Staples,Meat/Poultry/Fish
MEDP,Medpace Holdings Inc. Common Stock,$135.36,3.09,2.336%,4340413287.00,United States,2016,812567,Health Care,Biotechnology: Commercial Physical & Biological Resarch
META,Meta Platforms Inc. Class A Common Stock,$163.74,2.87,1.784%,443133391387.00,United States,2012,31297465,Technology,EDP Services
MGEE,MGE Energy Inc,$74.29,-0.94,-1.25%,2686576757.00,United States,,207585,Utilities,Power Generation
MGPI,MGP Ingredients Inc.,$93.14,1.67,1.826%,2047752289.00,United States,,190697,Consumer Staples,Beverages (Production/Distribution)
MIDD,Middleby Corporation (The) Common Stock,$124.03,-1.36,-1.085%,6745970739.00,United States,,985779,Industrials,Diversified Manufacture
MKSI,MKS Instruments Inc. Common Stock,$100.36,-0.03,-0.03%,5585975678.00,United States,1999,816292,Industrials,Industrial Machinery/Components
MKTX,MarketAxess Holdings Inc. Common Stock,$264.21,-4.91,-1.824%,9971812763.00,United States,2004,510885,Finance,Investment Bankers/Brokers/Service
MLKN,MillerKnoll Inc. Common Stock,$26.48,0.62,2.398%,2006992550.00,United States,,864854,Consumer Discretionary,Wholesale Distributors
MMSI,Merit Medical Systems Inc. Common Stock,$51.99,0.22,0.425%,2946821587.00,United States,,558389,Health Care,Medical/Dental Instruments
MNDT,Mandiant Inc. Common Stock,$21.58,0.19,0.888%,5090287465.00,United States,2013,5149606,Technology,Computer Software: Prepackaged Software
MNST,Monster Beverage Corporation,$88.12,0.23,0.262%,46674644385.00,United States,,4809230,Consumer Staples,Beverages (Production/Distribution)
MORN,Morningstar Inc. Common Stock,$228.40,4.80,2.147%,9759669268.00,United States,2005,190247,Finance,Advertising
MPWR,Monolithic Power Systems Inc. Common Stock,$398.56,11.44,2.955%,18590034080.00,United States,2004,847365,Technology,Semiconductors
MQ,Marqeta Inc. Class A Common Stock,$9.34,0.59,6.743%,5085080584.00,United States,2021,23321593,Technology,EDP Services
MRCY,Mercury Systems Inc Common Stock,$56.37,-0.02,-0.035%,3251040539.00,United States,1998,600702,,
MRNA,Moderna Inc. Common Stock,$128.03,6.95,5.74%,50925150962.00,United States,2018,8352730,Health Care,Biotechnology: Biological Products (No Diagnostic Substances)
MRTX,Mirati Therapeutics Inc. Common Stock,$55.00,3.96,7.759%,3053978235.00,United States,,2271956,Health Care,Biotechnology: Pharmaceutical Preparations
MRVI,Maravai LifeSciences Holdings Inc. Class A Common Stock,$26.64,0.36,1.37%,3504177968.00,United States,2020,2291766,Health Care,Biotechnology: Pharmaceutical Preparations
MSFT,Microsoft Corporation Common Stock,$247.65,2.68,1.094%,1852182555883.00,United States,1986,42800358,Technology,Computer Software: Prepackaged Software
MTCH,Match Group Inc. Common Stock,$68.555,-4.345,-5.96%,19578811936.00,United States,,8100506,Technology,Computer Software: Programming Data Processing
MTSI,MACOM Technology Solutions Holdings Inc. Common Stock,$45.48,0.96,2.156%,3178621577.00,United States,2012,542561,Technology,Semiconductors
MU,Micron Technology Inc. Common Stock,$55.75,0.74,1.345%,62254177278.00,United States,,24133961,Technology,Semiconductors
MXL,MaxLinear Inc. Common Stock,$34.57,0.56,1.647%,2682760358.00,United States,2010,1594511,Technology,Semiconductors
NARI,Inari Medical Inc. Common Stock,$60.91,3.34,5.802%,3235870185.00,United States,2020,1320967,Health Care,Biotechnology: Electromedical & Electrotherapeutic Apparatus
NATI,National Instruments Corporation Common Stock,$31.44,0.03,0.096%,4124109240.00,United States,1995,1664048,Technology,Computer Software: Prepackaged Software
NBIX,Neurocrine Biosciences Inc. Common Stock,$93.28,4.35,4.891%,8915391031.00,United States,1996,1364048,Health Care,Biotechnology: Biological Products (No Diagnostic Substances)
NCNO,nCino Inc. Common Stock,$31.57,1.60,5.339%,3054379410.00,United States,2020,689205,Technology,Computer Software: Prepackaged Software
NDAQ,Nasdaq Inc. Common Stock,$148.85,0.30,0.202%,24512286660.00,United States,,2347704,Finance,Investment Bankers/Brokers/Service
NDSN,Nordson Corporation Common Stock,$195.36,-1.10,-0.56%,11235503294.00,United States,,637624,Industrials,Industrial Machinery/Components
NEOG,Neogen Corporation Common Stock,$22.84,0.19,0.839%,2462077176.00,United States,1989,1557219,Health Care,Biotechnology: In Vitro & In Vivo Diagnostic Substances
NFE,New Fortress Energy Inc. Class A Common Stock,$40.21,0.57,1.438%,8345836772.00,United States,2019,1973376,Utilities,Oil/Gas Transmission
NFLX,Netflix Inc. Common Stock,$175.51,2.16,1.246%,77974503414.00,United States,2002,12112155,Consumer Discretionary,Movies/Entertainment
NKLA,Nikola Corporation Common Stock,$5.68,0.43,8.19%,2392065436.00,United States,2018,11722962,Industrials,Industrial Machinery/Components
NLOK,NortonLifeLock Inc. Common Stock,$21.83,0.02,0.092%,12662798604.00,United States,,11276360,Technology,Computer Software: Prepackaged Software
NOVT,Novanta Inc. Common Stock,$112.27,0.74,0.663%,4008513902.00,United States,,315169,,
NSIT,Insight Enterprises Inc. Common Stock,$87.81,-0.65,-0.735%,3079879727.00,United States,1995,512253,Technology,EDP Services
NTAP,NetApp Inc. Common Stock,$63.76,0.47,0.743%,14188924435.00,United States,1995,3595330,Technology,Electronic Components
NTCT,NetScout Systems Inc. Common Stock,$32.93,0.43,1.323%,2440696684.00,United States,1999,1131320,Technology,EDP Services
NTLA,Intellia Therapeutics Inc. Common Stock,$42.98,1.54,3.716%,3260199333.00,United States,2016,3013313,Health Care,Biotechnology: In Vitro & In Vivo Diagnostic Substances
NTNX,Nutanix Inc. Class A Common Stock,$14.47,0.65,4.703%,3245534050.00,United States,2016,5621918,Technology,EDP Services
NTRA,Natera Inc. Common Stock,$33.53,0.57,1.729%,3229403357.00,United States,2015,2213664,Health Care,Medical Specialities
NTRS,Northern Trust Corporation Common Stock,$91.68,0.22,0.241%,19104261256.00,United States,,1749493,Finance,Trusts Except Educational Religious and Charitable
NUTX,Nutex Health Inc. Common Stock,$4.76,-0.22,-4.418%,3071920930.00,United States,,2229648,Technology,Retail: Computer Software & Peripheral Equipment
NUVA,NuVasive Inc. Common Stock,$49.00,2.16,4.611%,2550010470.00,United States,2004,1072908,Health Care,Medical/Dental Instruments
NVAX,Novavax Inc. Common Stock,$40.24,2.58,6.851%,3144136103.00,United States,,7611051,Health Care,Biotechnology: Biological Products (No Diagnostic Substances)
NVDA,NVIDIA Corporation Common Stock,$158.80,2.79,1.788%,397000000000.00,United States,1999,62903403,Technology,Semiconductors
NWE,NorthWestern Corporation Common Stock,$54.58,-0.43,-0.782%,2954898542.00,United States,,454251,Utilities,Power Generation
NWL,Newell Brands Inc. Common Stock,$18.11,0.25,1.40%,7488485000.00,United States,,7368337,Industrials,Plastic Products
NWS,News Corporation Class B Common Stock,$15.73,0.08,0.511%,9213715179.00,United States,,2796721,Consumer Discretionary,Movies/Entertainment
NWSA,News Corporation Class A Common Stock,$15.50,0.08,0.519%,9078994614.00,United States,,6601747,Consumer Discretionary,Movies/Entertainment
NXST,Nexstar Media Group Inc. Class A Common Stock,$160.35,0.65,0.407%,6478821808.00,United States,2003,399376,Consumer Discretionary,Movies/Entertainment
OAS,Oasis Petroleum Inc. Common Stock,$135.76,-15.97,-10.525%,2664653973.00,United States,,1079759,Energy,Oil & Gas Production
ODFL,Old Dominion Freight Line Inc. Common Stock,$232.10,-2.85,-1.213%,26309407696.00,United States,1991,1482168,Industrials,Trucking Freight/Courier Services
OKTA,Okta Inc. Class A Common Stock,$82.67,3.63,4.593%,13043610515.00,United States,2017,5344387,Technology,EDP Services
OLED,Universal Display Corporation Common Stock,$107.36,3.17,3.043%,5068930361.00,United States,,857124,Technology,Semiconductors
OLLI,Ollie's Bargain Outlet Holdings Inc. Common Stock,$57.97,0.84,1.47%,3622818049.00,United States,2015,2125961,Consumer Discretionary,Department/Specialty Retail Stores
OLPX,Olaplex Holdings Inc. Common Stock,$14.01,0.75,5.656%,9091484110.00,United States,2021,2713847,Miscellaneous,Diversified Commercial Services
OMCL,Omnicell Inc. Common Stock ($0.001 par value),$107.07,-2.88,-2.619%,4732300739.00,United States,2001,808605,Health Care,Managed Health Care
ON,ON Semiconductor Corporation Common Stock,$52.46,-1.00,-1.871%,22794167081.00,United States,,93173257,Technology,Semiconductors
ONB,Old National Bancorp Common Stock,$14.59,0.30,2.099%,4274271810.00,United States,,3789028,Finance,Major Banks
OPCH,Option Care Health Inc. Common Stock,$25.99,-0.12,-0.46%,4679552442.00,United States,,2302699,Health Care,Medical/Nursing Services
OPEN,Opendoor Technologies Inc Common Stock,$4.83,0.51,11.806%,3017550233.00,United States,,25871946,Finance,Real Estate
ORLY,O'Reilly Automotive Inc. Common Stock,$586.72,1.72,0.294%,38562426636.00,United States,1993,1092488,Consumer Discretionary,Auto & Home Supply Stores
OTTR,Otter Tail Corporation Common Stock,$61.78,-1.22,-1.937%,2571941866.00,United States,,215535,Utilities,Electric Utilities: Central
OZK,Bank OZK Common Stock,$35.93,0.89,2.54%,4315800397.00,United States,,2869865,Finance,Major Banks
PAA,Plains All American Pipeline L.P. Common Units representing Limited Partner Interests,$9.71,-0.35,-3.479%,6822908008.00,United States,1998,13694259,Energy,Oil & Gas Production
PACW,PacWest Bancorp Common Stock,$26.44,0.54,2.085%,3105301853.00,United States,,3599255,Finance,Major Banks
PANW,Palo Alto Networks Inc. Common Stock,$475.36,9.05,1.941%,47362678990.00,United States,,1445295,Technology,EDP Services
PARA,Paramount Global Class B Common Stock,$24.56,0.31,1.278%,15941908722.00,United States,,14273954,Consumer Discretionary,Movies/Entertainment
PARAA,Paramount Global Class A Common Stock,$27.03,0.47,1.77%,17545187002.00,United States,,57020,Consumer Discretionary,Movies/Entertainment
PAYX,Paychex Inc. Common Stock,$113.00,-0.81,-0.712%,40794964957.00,United States,1983,4520623,Consumer Discretionary,Business Services
PCAR,PACCAR Inc. Common Stock,$81.92,0.35,0.429%,28482209546.00,United States,,2863109,Industrials,Construction/Ag Equipment/Trucks
PCH,PotlatchDeltic Corporation Common Stock,$45.23,0.37,0.825%,3137709310.00,United States,,939285,Real Estate,Real Estate Investment Trusts
PCRX,Pacira BioSciences Inc. Common Stock,$53.72,0.82,1.55%,2440862317.00,United States,2011,778520,Health Care,Biotechnology: Pharmaceutical Preparations
PCTY,Paylocity Holding Corporation Common Stock,$160.09,5.79,3.752%,8824922988.00,United States,2014,331431,Technology,Computer Software: Prepackaged Software
PDCE,PDC Energy Inc. Common Stock (Delaware),$64.78,-7.87,-10.833%,6430887255.00,United States,,3978181,Energy,Oil & Gas Production
PDCO,Patterson Companies Inc. Common Stock,$27.94,0.20,0.721%,2727558680.00,United States,1992,1080549,Health Care,Medical Specialities
PECO,Phillips Edison & Company Inc. Common Stock,$33.19,0.53,1.623%,3780341000.00,United States,2021,8492509,Real Estate,Real Estate Investment Trusts
PEGA,Pegasystems Inc. Common Stock,$46.53,2.52,5.726%,3807028299.00,United States,1996,557341,Technology,EDP Services
PENN,Penn National Gaming Inc. Common Stock,$27.40,0.49,1.821%,4570396884.00,United States,1994,6321753,Consumer Discretionary,Movies/Entertainment
PEP,PepsiCo Inc. Common Stock,$157.06,0.03,0.019%,217164279777.00,United States,,9869875,Consumer Staples,Beverages (Production/Distribution)
PFG,Principal Financial Group Inc Common Stock,$63.86,1.02,1.623%,16136414736.00,United States,2001,4597964,Finance,Specialty Insurers
PGNY,Progyny Inc. Common Stock,$26.79,0.73,2.801%,2463184716.00,United States,2019,1224893,Health Care,Managed Health Care
PINC,Premier Inc. Class A Common Stock,$34.63,0.25,0.727%,4085878521.00,United States,2013,1937384,Health Care,Managed Health Care
PLUG,Plug Power Inc. Common Stock,$15.83,1.58,11.088%,9151347758.00,United States,1999,28418529,Consumer Discretionary,Electrical Products
PLXS,Plexus Corp. Common Stock,$77.15,1.42,1.875%,2138847735.00,United States,,331760,Technology,Electrical Products
PNFP,Pinnacle Financial Partners Inc. Common Stock,$70.92,1.20,1.721%,5417254483.00,United States,,649914,Finance,Major Banks
PODD,Insulet Corporation Common Stock,$200.80,2.47,1.245%,13923399310.00,United States,2007,480442,Health Care,Medical/Dental Instruments
POOL,Pool Corporation Common Stock,$332.93,0.75,0.226%,13325497614.00,United States,1995,537996,Consumer Discretionary,Recreational Games/Products/Toys
POWI,Power Integrations Inc. Common Stock,$73.02,0.71,0.982%,4257622412.00,United States,1997,686864,Technology,Semiconductors
PPBI,Pacific Premier Bancorp Inc,$28.42,0.22,0.78%,2697920746.00,United States,,686338,Finance,Major Banks
PPC,Pilgrim's Pride Corporation Common Stock,$29.34,-0.01,-0.034%,7051275276.00,United States,,1059756,Consumer Staples,Meat/Poultry/Fish
PRFT,Perficient Inc. Common Stock,$86.92,-0.15,-0.172%,3011656225.00,United States,1999,644854,Technology,EDP Services
PRGS,Progress Software Corporation Common Stock (DE),$46.93,0.83,1.80%,2053950582.00,United States,1991,538551,Technology,Computer Software: Prepackaged Software
PRVA,Privia Health Group Inc. Common Stock,$28.26,2.11,8.069%,3069523598.00,United States,2021,1511359,Technology,Retail: Computer Software & Peripheral Equipment
PSEC,Prospect Capital Corporation Common Stock,$6.78,0.10,1.497%,2658782722.00,United States,2004,2596230,Finance,Finance/Investors Services
PSMT,PriceSmart Inc. Common Stock,$71.87,-0.31,-0.429%,2218909924.00,United States,,226356,Consumer Discretionary,Department/Specialty Retail Stores
PTC,PTC Inc. Common Stock,$103.91,3.63,3.62%,12154970341.00,United States,,1412563,Technology,Computer Software: Prepackaged Software
PTCT,PTC Therapeutics Inc. Common Stock,$28.41,2.15,8.187%,2026720506.00,United States,2013,1628216,Health Care,Biotechnology: Pharmaceutical Preparations
PTEN,Patterson-UTI Energy Inc. Common Stock,$15.24,-0.70,-4.391%,3296460768.00,United States,1993,8221160,Energy,Oil & Gas Production
PTON,Peloton Interactive Inc. Class A Common Stock,$9.74,0.29,3.069%,3285855057.00,United States,2019,9523359,Consumer Discretionary,Other Consumer Services
PYCR,Paycor HCM Inc. Common Stock,$22.22,0.82,3.832%,3886489957.00,United States,2021,508205,Technology,Computer Software: Prepackaged Software
PYPL,PayPal Holdings Inc. Common Stock,$72.90,1.67,2.345%,84421110824.00,United States,,17143624,Consumer Discretionary,Business Services
PZZA,Papa John's International Inc. Common Stock,$80.73,-0.56,-0.689%,2889722761.00,United States,1993,482401,Consumer Discretionary,Restaurants
QCOM,QUALCOMM Incorporated Common Stock,$120.99,0.17,0.141%,135508800000.00,United States,1991,17217435,Technology,Computer peripheral equipment
QDEL,QuidelOrtho Corporation Common Stock,$101.06,3.81,3.918%,6763873542.00,United States,,1327421,Health Care,Medical/Dental Instruments
QLYS,Qualys Inc. Common Stock,$121.91,4.13,3.507%,4734259401.00,United States,2012,853265,Technology,EDP Services
QRVO,Qorvo Inc. Common Stock,$95.13,2.01,2.159%,10086385040.00,United States,,2194593,Industrials,Industrial Machinery/Components
RARE,Ultragenyx Pharmaceutical Inc. Common Stock,$53.29,3.27,6.537%,3726579878.00,United States,2014,1418656,Health Care,Biotechnology: Pharmaceutical Preparations
RCM,R1 RCM Inc. Common Stock,$19.83,0.52,2.693%,5546547751.00,United States,,1583842,Consumer Discretionary,Other Consumer Services
REG,Regency Centers Corporation Common Stock,$57.62,0.53,0.928%,9931517627.00,United States,1993,2036888,Real Estate,Real Estate Investment Trusts
REGN,Regeneron Pharmaceuticals Inc. Common Stock,$580.95,24.20,4.347%,63815146404.00,United States,1991,1967583,Health Care,Biotechnology: Pharmaceutical Preparations
REYN,Reynolds Consumer Products Inc. Common Stock,$24.68,-0.12,-0.484%,5179410399.00,United States,2020,561241,Industrials,Office Equipment/Supplies/Services
RGEN,Repligen Corporation Common Stock,$142.75,1.73,1.227%,7913083733.00,United States,1986,698052,Health Care,Medical/Dental Instruments
RGLD,Royal Gold Inc. Common Stock,$108.93,-0.26,-0.238%,7150058666.00,United States,,1304031,Industrials,Consumer Electronics/Appliances
RIVN,Rivian Automotive Inc. Class A Common Stock,$26.24,-0.18,-0.681%,23633256972.00,United States,2021,19296992,Consumer Discretionary,Auto Manufacturing
RMBS,Rambus Inc. Common Stock,$20.92,0.17,0.819%,2306128919.00,United States,1997,1661259,Technology,Semiconductors
ROKU,Roku Inc. Class A Common Stock,$82.42,3.84,4.887%,11206850483.00,United States,2017,10705592,Telecommunications,Cable & Other Pay Television Services
ROLL,RBC Bearings Incorporated Common Stock,$178.41,2.00,1.134%,5152594982.00,United States,2005,202122,Industrials,Metal Fabrications
ROST,Ross Stores Inc. Common Stock,$74.76,1.15,1.562%,26160497739.00,United States,1985,5539268,Consumer Discretionary,Clothing/Shoe/Accessory Stores
RPD,Rapid7 Inc. Common Stock,$62.76,1.05,1.702%,3656679330.00,United States,2015,1291674,Technology,Computer Software: Prepackaged Software
RPRX,Royalty Pharma plc Class A Ordinary Shares ,$39.35,1.03,2.688%,17129701127.00,United States,2020,3421469,Health Care,Biotechnology: Pharmaceutical Preparations
RRR,Red Rock Resorts Inc. Class A Common Stock,$33.05,1.11,3.475%,2031649997.00,United States,2016,731027,Consumer Discretionary,Recreational Games/Products/Toys
RUN,Sunrun Inc. Common Stock,$23.83,2.70,12.778%,5006981185.00,United States,2015,10884705,Industrials,Building Products
RUSHA,Rush Enterprises Inc. Common Stock Cl A,$47.77,-0.01,-0.021%,2644256090.00,United States,,358844,Consumer Discretionary,Other Specialty Stores
RUSHB,Rush Enterprises Inc. Class B,$48.46,0.33,0.686%,2682450285.00,United States,,70449,Consumer Discretionary,Other Specialty Stores
SAFM,Sanderson Farms Inc. Common Stock,$208.31,1.86,0.901%,4649519196.00,United States,1987,393466,,
SAIA,Saia Inc. Common Stock,$171.86,-3.55,-2.024%,4538547968.00,United States,,684598,Industrials,Trucking Freight/Courier Services
SANM,Sanmina Corporation Common Stock,$39.46,0.27,0.689%,2400909685.00,United States,1993,1740054,Technology,Electrical Products
SBAC,SBA Communications Corporation Class A Common Stock,$292.04,1.17,0.402%,31490396054.00,United States,1999,1292634,Real Estate,Real Estate Investment Trusts
SBCF,Seacoast Banking Corporation of Florida Common Stock,$32.62,0.98,3.097%,2003211521.00,United States,,1057224,Finance,Major Banks
SBNY,Signature Bank Common Stock,$171.68,4.13,2.465%,10803485220.00,United States,2004,1682985,Finance,Major Banks
SBRA,Sabra Health Care REIT Inc. Common Stock,$14.03,0.48,3.542%,3240295521.00,United States,,5098135,Real Estate,Real Estate Investment Trusts
SBUX,Starbucks Corporation Common Stock,$71.87,0.92,1.297%,82427703000.00,United States,1992,9823165,Consumer Discretionary,Beverages - Non-Alcoholic
SEIC,SEI Investments Company Common Stock,$52.11,0.38,0.735%,7152907811.00,United States,1981,1121581,Finance,Investment Bankers/Brokers/Service
SFM,Sprouts Farmers Market Inc. Common Stock,$24.94,-1.51,-5.709%,2733993280.00,United States,2013,3306578,Consumer Discretionary,Specialty Foods
SFNC,Simmons First National Corporation Class A Common Stock,$21.30,-0.18,-0.838%,2782934098.00,United States,,1997933,Finance,Major Banks
SGEN,Seagen Inc. Common Stock,$165.45,18.67,12.72%,30455315134.00,United States,2001,10255087,Health Care,Biotechnology: Biological Products (No Diagnostic Substances)
SGRY,Surgery Partners Inc. Common Stock,$28.42,0.21,0.744%,2555080178.00,United States,2015,719872,Health Care,Managed Health Care
SHC,Sotera Health Company Common Stock,$18.92,-0.51,-2.625%,5350902067.00,United States,2020,14634452,Health Care,Medical Specialities
SHLS,Shoals Technologies Group Inc. Class A Common Stock,$19.57,2.03,11.574%,2199735027.00,United States,2021,4277971,Technology,Semiconductors
SHOO,Steven Madden Ltd. Common Stock,$32.75,0.37,1.143%,2615565224.00,United States,1993,1517956,Consumer Discretionary,Shoe Manufacturing
SIGI,Selective Insurance Group Inc. Common Stock,$77.85,1.99,2.623%,4698512112.00,United States,,742529,Finance,Property-Casualty Insurers
SIRI,Sirius XM Holdings Inc. Common Stock,$5.85,0.14,2.452%,23026281554.00,United States,,30492879,Consumer Discretionary,Movies/Entertainment
SITM,SiTime Corporation Common Stock,$162.41,-0.15,-0.092%,3417407995.00,United States,2019,419932,Technology,Semiconductors
SIVB,SVB Financial Group Common Stock,$399.76,10.63,2.732%,23526342520.00,United States,,768818,Finance,Major Banks
SLAB,Silicon Laboratories Inc. Common Stock,$135.70,4.49,3.422%,4963985249.00,United States,2000,866914,Technology,Semiconductors
SLGN,Silgan Holdings Inc. Common Stock,$40.00,0.00,0.00%,4432016280.00,United States,1997,1078568,Industrials,Containers/Packaging
SLM,SLM Corporation Common Stock,$15.60,0.64,4.278%,4199739960.00,United States,,4975231,Finance,Finance: Consumer Services
SMCI,Super Micro Computer Inc. Common Stock,$43.12,0.21,0.489%,2238224364.00,United States,2020,568259,Technology,Computer Manufacturing
SMPL,The Simply Good Foods Company Common Stock,$37.02,0.62,1.703%,3715699732.00,United States,,1557639,Consumer Staples,Packaged Foods
SMTC,Semtech Corporation Common Stock,$54.72,1.25,2.338%,3473504286.00,United States,,769313,Technology,Semiconductors
SNPS,Synopsys Inc. Common Stock,$296.18,6.69,2.311%,45306728349.00,United States,1992,1822986,Technology,EDP Services
SOFI,SoFi Technologies Inc. Common Stock  ,$5.70,0.23,4.205%,4623519221.00,United States,,53933400,Finance,Diversified Financial Services
SONO,Sonos Inc. Common Stock,$19.07,0.52,2.803%,2438837890.00,United States,2018,3304010,Consumer Discretionary,Consumer Electronics/Video Chains
SPLK,Splunk Inc. Common Stock,$88.70,2.91,3.392%,14271830000.00,United States,2012,2758459,Technology,Computer Software: Prepackaged Software
SPSC,SPS Commerce Inc. Common Stock,$100.61,1.79,1.811%,3631530929.00,United States,2010,198501,Technology,EDP Services
SPT,Sprout Social Inc Class A Common Stock,$52.33,4.23,8.794%,2848838973.00,United States,2019,1035607,Technology,EDP Services
SPWR,SunPower Corporation Common Stock,$17.93,1.86,11.574%,3117354159.00,United States,2005,4843209,Technology,Semiconductors
SRCL,Stericycle Inc. Common Stock,$42.36,1.11,2.691%,3900851662.00,United States,1996,802048,Utilities,Environmental Services
SRPT,Sarepta Therapeutics Inc. Common Stock (DE),$66.97,4.28,6.827%,5859939358.00,United States,,1026452,Health Care,Biotechnology: Pharmaceutical Preparations
SSB,SouthState Corporation Common Stock,$74.56,1.12,1.525%,5627457083.00,United States,,767391,Finance,Major Banks
SSNC,SS&C Technologies Holdings Inc. Common Stock,$56.11,0.89,1.612%,14295756523.00,United States,2010,3535029,Technology,EDP Services
STAA,STAAR Surgical Company Common Stock,$63.41,1.31,2.11%,3031712250.00,United States,,767960,Health Care,Ophthalmic Goods
STLD,Steel Dynamics Inc.,$71.86,1.99,2.848%,13559263975.00,United States,1996,7479686,Industrials,Steel/Iron Ore
SWAV,ShockWave Medical Inc. Common Stock,$158.18,1.45,0.925%,5661565431.00,United States,2019,5736770,Health Care,Medical/Dental Instruments
SWKS,Skyworks Solutions Inc. Common Stock,$90.16,0.41,0.457%,14509100241.00,United States,,4538185,Technology,Semiconductors
SYNA,Synaptics Incorporated Common Stock $0.001 Par Value,$116.04,-1.03,-0.88%,4596017283.00,United States,2002,909087,Technology,Computer peripheral equipment
SYNH,Syneos Health Inc. Class A Common Stock,$64.31,1.25,1.982%,6596599986.00,United States,2014,987901,Health Care,Biotechnology: Commercial Physical & Biological Resarch
TCBI,Texas Capital Bancshares Inc. Common Stock,$51.38,1.83,3.693%,2606159660.00,United States,2003,1010913,Finance,Major Banks
TECH,Bio-Techne Corp Common Stock,$327.15,4.48,1.388%,12835243124.00,United States,,584430,Health Care,Biotechnology: Biological Products (No Diagnostic Substances)
TENB,Tenable Holdings Inc. Common Stock,$45.62,1.93,4.417%,5044759325.00,United States,2018,2084744,Technology,EDP Services
TER,Teradyne Inc. Common Stock,$89.06,2.11,2.427%,14267680694.00,United States,,4165321,Industrials,Electrical Products
TFSL,TFS Financial Corporation Common Stock,$13.39,0.01,0.075%,3759873383.00,United States,2007,474150,Finance,Savings Institutions
TMUS,T-Mobile US Inc. Common Stock,$127.59,3.31,2.663%,159944888842.00,United States,,8437391,Telecommunications,Telecommunications Equipment
TNDM,Tandem Diabetes Care Inc. Common Stock,$56.41,3.19,5.994%,3608137712.00,United States,2013,1598462,Health Care,Medical/Dental Instruments
TPTX,Turning Point Therapeutics Inc. Common Stock,$74.46,-0.03,-0.04%,3699588212.00,United States,2019,4944117,Health Care,Biotechnology: Pharmaceutical Preparations
TRIP,TripAdvisor Inc. Common Stock,$19.40,1.11,6.069%,2708616670.00,United States,,3839878,,
TRMB,Trimble Inc. Common Stock,$57.49,1.44,2.569%,14380690715.00,United States,1990,1991536,Industrials,Industrial Machinery/Components
TROW,T. Rowe Price Group Inc. Common Stock,$106.68,0.59,0.556%,24248003315.00,United States,1986,3052862,Finance,Investment Managers
TRUP,Trupanion Inc. Common Stock,$52.06,-0.38,-0.725%,2119907824.00,United States,,592739,Health Care,Medical Specialities
TSCO,Tractor Supply Company Common Stock,$188.73,-1.91,-1.002%,21115419652.00,United States,1994,1970266,Consumer Discretionary,Other Specialty Stores
TSLA,Tesla Inc. Common Stock,$650.28,10.98,1.718%,673696534029.00,United States,2010,30810485,Consumer Discretionary,Auto Manufacturing
TTD,The Trade Desk Inc. Class A Common Stock,$46.30,2.07,4.68%,22516884123.00,United States,2016,5561462,Technology,EDP Services
TTEC,TTEC Holdings Inc. Common Stock,$63.82,2.36,3.84%,3001814162.00,United States,1996,154101,Technology,Retail: Computer Software & Peripheral Equipment
TTEK,Tetra Tech Inc. Common Stock,$120.41,0.94,0.787%,6464008922.00,United States,1991,616587,Consumer Discretionary,Military/Government/Technical
TTWO,Take-Two Interactive Software Inc. Common Stock,$125.81,0.91,0.729%,20396293799.00,United States,1997,3398394,Technology,Computer Software: Prepackaged Software
TW,Tradeweb Markets Inc. Class A Common Stock,$67.36,0.48,0.718%,13775049676.00,United States,2019,1499636,Finance,Investment Bankers/Brokers/Service
TWKS,Thoughtworks Holding Inc. Common Stock,$14.40,0.20,1.408%,4468685760.00,United States,2021,2301374,Technology,EDP Services
TWNK,Hostess Brands Inc. Class A Common Stock,$19.79,0.45,2.327%,2736694723.00,United States,2015,2220791,Consumer Staples,Specialty Foods
TXG,10x Genomics Inc. Class A Common Stock,$38.40,1.29,3.476%,4353482688.00,United States,2019,1608853,Health Care,Managed Health Care
TXN,Texas Instruments Incorporated Common Stock,$150.20,-1.17,-0.773%,138504503519.00,United States,,11230852,Technology,Semiconductors
TXRH,Texas Roadhouse Inc. Common Stock,$72.20,2.60,3.736%,4921725918.00,United States,2004,1457829,Consumer Discretionary,Restaurants
UAL,United Airlines Holdings Inc. Common Stock,$36.28,1.50,4.313%,11853800027.00,United States,,19434993,Consumer Discretionary,Air Freight/Delivery Services
UBSI,United Bankshares Inc. Common Stock,$34.10,0.36,1.067%,4613460064.00,United States,,920241,Finance,Major Banks
UCBI,United Community Banks Inc. Common Stock,$28.94,0.98,3.505%,3068433390.00,United States,,1775077,Finance,Major Banks
UFPI,UFP Industries Inc. Common Stock,$65.13,-0.41,-0.626%,4085875906.00,United States,1993,496152,Basic Materials,Forest Products
UHAL,Amerco Common Stock,$456.71,5.04,1.116%,8955072857.00,United States,,71729,Consumer Discretionary,Rental/Leasing Companies
ULCC,Frontier Group Holdings Inc. Common Stock,$9.34,0.51,5.776%,2032291151.00,United States,2021,3054352,Consumer Discretionary,Air Freight/Delivery Services
ULTA,Ulta Beauty Inc. Common Stock,$395.83,5.36,1.373%,20511147044.00,United States,2007,1412604,,
UMBF,UMB Financial Corporation Common Stock,$84.83,2.73,3.325%,4106122348.00,United States,,778344,Finance,Commercial Banks
UMPQ,Umpqua Holdings Corporation Common Stock,$16.07,0.17,1.069%,3487935777.00,United States,,2259782,Finance,Commercial Banks
UNIT,Uniti Group Inc. Common Stock,$10.01,0.41,4.271%,2373435184.00,United States,,3499076,Real Estate,Real Estate Investment Trusts
UPST,Upstart Holdings Inc. Common stock,$35.14,3.06,9.539%,2978948661.00,United States,2020,5894406,Finance,Finance: Consumer Services
UPWK,Upwork Inc. Common Stock,$18.86,0.82,4.545%,2445221971.00,United States,2018,1321046,,
UTHR,United Therapeutics Corporation Common Stock,$219.38,1.71,0.786%,9937806943.00,United States,1999,988355,Health Care,Biotechnology: Pharmaceutical Preparations
VC,Visteon Corporation Common Stock,$96.37,0.57,0.595%,2709080777.00,United States,,506912,Consumer Discretionary,Auto Parts:O.E.M.
VG,Vonage Holdings Corp. Common Stock,$16.78,0.90,5.668%,4305452840.00,United States,2006,8544079,Telecommunications,Telecommunications Equipment
VIAV,Viavi Solutions Inc. Common Stock,$13.11,0.06,0.46%,2986863663.00,United States,,2494827,Technology,Radio And Television Broadcasting And Communications Equipment
VICR,Vicor Corporation Common Stock,$55.10,2.42,4.594%,2422547869.00,United States,,394253,Technology,Industrial Machinery/Components
VIR,Vir Biotechnology Inc. Common Stock,$24.53,1.36,5.87%,3247175896.00,United States,2019,3179022,Health Care,Biotechnology: Pharmaceutical Preparations
VIRT,Virtu Financial Inc. Class A Common Stock,$23.07,0.29,1.273%,4203212419.00,United States,2015,1770890,Finance,Investment Bankers/Brokers/Service
VLY,Valley National Bancorp Common Stock,$10.55,0.21,2.031%,5341522540.00,United States,,5778175,Finance,Major Banks
VNOM,Viper Energy Partners LP Common Unit,$28.75,-2.87,-9.077%,2212778336.00,United States,2014,1687209,Energy,Oil & Gas Production
VRNS,Varonis Systems Inc. Common Stock,$29.61,0.95,3.315%,3244358047.00,United States,2014,2268153,Technology,Computer Software: Prepackaged Software
VRNT,Verint Systems Inc. Common Stock,$41.75,1.45,3.598%,2700244919.00,United States,2010,1136841,Technology,EDP Services
VRRM,Verra Mobility Corporation Class A Common Stock,$15.43,0.33,2.185%,2410555839.00,United States,2017,1692507,Consumer Discretionary,Other Consumer Services
VRSK,Verisk Analytics Inc. Common Stock,$161.82,3.24,2.043%,25551700345.00,United States,2009,2422459,Consumer Discretionary,Business Services
VRSN,VeriSign Inc. Common Stock,$157.54,1.03,0.658%,17257687162.00,United States,1998,1554010,Technology,EDP Services
VRTX,Vertex Pharmaceuticals Incorporated Common Stock,$263.09,12.13,4.833%,67286835779.00,United States,1991,3443728,Health Care,Biotechnology: Pharmaceutical Preparations
VSAT,ViaSat Inc. Common Stock,$30.63,1.37,4.682%,2280006505.00,United States,1996,836558,Technology,Radio And Television Broadcasting And Communications Equipment
VTRS,Viatris Inc. Common Stock,$10.46,0.18,1.751%,12680939458.00,United States,,16942031,Consumer Discretionary,Specialty Chemicals
WBA,Walgreens Boots Alliance Inc. Common Stock,$39.32,-0.35,-0.882%,33963572604.00,United States,,11969545,Consumer Staples,Retail-Drug Stores and Proprietary Stores
WBD,Warner Bros. Discovery Inc. Series A Common Stock ,$14.22,0.57,4.176%,34509727439.00,United States,,36056663,Telecommunications,Cable & Other Pay Television Services
WDAY,Workday Inc. Class A Common Stock,$139.38,2.52,1.841%,35402520000.00,United States,,4483758,Technology,Computer Software: Prepackaged Software
WDC,Western Digital Corporation Common Stock,$46.35,0.00,0.00%,14515328364.00,United States,,6220709,Technology,Electronic Components
WDFC,WD-40 Company Common Stock,$181.91,2.06,1.145%,2485068872.00,United States,1973,107604,Industrials,Industrial Specialties
WEN,Wendy's Company (The) Common Stock,$17.76,0.60,3.497%,3805022458.00,United States,,3584078,Consumer Discretionary,Restaurants
WERN,Werner Enterprises Inc. Common Stock,$37.19,-0.67,-1.77%,2419498206.00,United States,1986,1336602,Industrials,Trucking Freight/Courier Services
WING,Wingstop Inc. Common Stock,$76.60,4.73,6.581%,2288564412.00,United States,2015,700218,Consumer Discretionary,Restaurants
WIRE,Encore Wire Corporation Common Stock,$109.18,-0.53,-0.483%,2153867120.00,United States,1992,390438,Industrials,Metal Fabrications
WMG,Warner Music Group Corp. Class A Common Stock,$25.09,0.70,2.87%,12917556919.00,United States,2020,744121,Consumer Discretionary,Movies/Entertainment
WOOF,Petco Health and Wellness Company Inc. Class A Common Stock,$16.00,0.45,2.894%,4246710448.00,United States,2021,2344138,Miscellaneous,Diversified Commercial Services
WSC,WillScot Mobile Mini Holdings Corp. Class A Common Stock,$31.18,0.05,0.161%,6938222740.00,United States,2015,3230260,Consumer Discretionary,Diversified Commercial Services
WSFS,WSFS Financial Corporation Common Stock,$40.03,0.84,2.143%,2588999294.00,United States,,1106356,Finance,Major Banks
WTFC,Wintrust Financial Corporation Common Stock,$78.27,1.83,2.394%,4752523249.00,United States,,742104,Finance,Major Banks
WWD,Woodward Inc. Common Stock,$90.08,1.81,2.051%,5462907095.00,United States,,946479,Industrials,Military/Government/Technical
WYNN,Wynn Resorts Limited Common stock,$54.96,0.47,0.863%,6373433652.00,United States,2002,3705303,Consumer Discretionary,Hotels/Resorts
XEL,Xcel Energy Inc. Common Stock,$63.91,-1.04,-1.601%,34808791380.00,United States,,6773656,Utilities,Power Generation
XM,Qualtrics International Inc. Class A Common Stock,$11.83,0.32,2.78%,6888906252.00,United States,2021,3757792,Technology,Computer Software: Prepackaged Software
XRAY,DENTSPLY SIRONA Inc. Common Stock,$35.33,0.59,1.698%,7611903473.00,United States,1987,4637847,Health Care,Medical/Dental Instruments
XRX,Xerox Holdings Corporation Common Stock,$15.96,0.45,2.901%,2471604798.00,United States,,4969280,Technology,EDP Services
Z,Zillow Group Inc. Class C Capital Stock,$29.27,0.49,1.703%,7209478158.00,United States,,4894987,Consumer Discretionary,Business Services
ZBRA,Zebra Technologies Corporation Class A Common Stock,$288.46,-3.66,-1.253%,15148138536.00,United States,1991,867603,Technology,Computer peripheral equipment
ZD,Ziff Davis Inc. Common Stock,$72.14,2.39,3.427%,3411961214.00,United States,,911961,Consumer Discretionary,Advertising
ZG,Zillow Group Inc. Class A Common Stock,$29.69,0.80,2.769%,7312928135.00,United States,2011,1361116,Consumer Discretionary,Business Services
ZI,ZoomInfo Technologies Inc Common Stock,$33.00,1.57,4.995%,13311959001.00,United States,2020,7739019,Technology,Computer Software: Prepackaged Software
ZION,Zions Bancorporation N.A. Common Stock,$52.26,0.57,1.103%,7910008170.00,United States,,2780187,Finance,Major Banks
ZM,Zoom Video Communications Inc. Class A Common Stock,$110.00,3.91,3.686%,32821566470.00,United States,2019,6141196,Technology,Computer Software: Prepackaged Software
ZS,Zscaler Inc. Common Stock,$144.22,8.19,6.021%,20459437873.00,United States,2018,3505821,Technology,EDP Services
